accuracy,f1,precision,recall,confusion_matrix
0.8953880764904387,0.8902007083825265,0.9366459627329192,0.8481439820022497,"[[1676  102]
 [ 270 1508]]"
