accuracy,f1,precision,recall,confusion_matrix
0.890326209223847,0.8912437255995539,0.8838495575221239,0.8987626546681665,"[[1568  210]
 [ 180 1598]]"
