,accuracy,f1,precision,recall,specificity,auroc,aupr
0,0.9299746795379016,0.9295662997213624,0.9347269974246896,0.9252174189043356,0.9347616327048816,0.9299895258046088,0.9486745344819678
