,accuracy,f1,precision,recall,specificity,auroc,aupr,confusion_matrix
0,0.7573945877910636,0.7897463866921188,0.7186104218362283,0.8765133171912833,0.6284403669724771,0.7524768420818801,0.8296575271600741,"[[ 959  567]
 [ 204 1448]]"
