,accuracy,f1,precision,recall,specificity,auroc,aupr,confusion_matrix
0,0.7869729389553178,0.8068473609129816,0.763086886130599,0.8559322033898306,0.7123197903014417,0.784125996845636,0.8469544786809196,"[[1087  439]
 [ 238 1414]]"
