,accuracy,f1,precision,recall,specificity,auroc,aupr,confusion_matrix
0,0.789490245437382,0.8102127659574468,0.7624132407901761,0.864406779661017,0.7083879423328965,0.7863973609969567,0.8486523009744953,"[[1081  445]
 [ 224 1428]]"
