,accuracy,f1,precision,recall,specificity,auroc,aupr,confusion_matrix
0,0.7964128382630585,0.8146662847321685,0.7732463295269169,0.860774818401937,0.7267365661861075,0.7937556922940222,0.8531968546440997,"[[1109  417]
 [ 230 1422]]"
