,accuracy,f1,precision,recall,specificity,auroc,aupr,confusion_matrix
0,0.7781623662680931,0.7998864604030655,0.7530732228754676,0.8529055690072639,0.6972477064220184,0.7750766377146411,0.8412209881377156,"[[1064  462]
 [ 243 1409]]"
