,accuracy,f1,precision,recall,specificity,auroc,aupr,confusion_matrix
0,0.7923222152297043,0.808584686774942,0.7761692650334076,0.8438256658595642,0.7365661861074705,0.7901959259835174,0.8505890324697709,"[[1124  402]
 [ 258 1394]]"
