,accuracy,f1,precision,recall,specificity,auroc,aupr,confusion_matrix
0,0.7844556324732537,0.8048988892053547,0.7600860677783755,0.8553268765133172,0.7077326343381389,0.7815297554257281,0.8453087377216802,"[[1080  446]
 [ 239 1413]]"
