,accuracy,f1,precision,recall,specificity,auroc,aupr,confusion_matrix
0,0.7923222152297043,0.8103448275862069,0.7713347921225383,0.8535108958837773,0.7260812581913499,0.7897960770375636,0.8504971045443787,"[[1108  418]
 [ 242 1410]]"
