,accuracy,f1,precision,recall,specificity,auroc,aupr,confusion_matrix
0,0.7857142857142857,0.8051502145922745,0.7634291915355399,0.8516949152542372,0.7142857142857143,0.7829903147699758,0.8461083089014965,"[[1090  436]
 [ 245 1407]]"
