,accuracy,f1,precision,recall,specificity,auroc,aupr,confusion_matrix
0,0.7687224669603524,0.796116504854369,0.7347670250896058,0.8686440677966102,0.6605504587155964,0.7645972632561033,0.8358465156061036,"[[1008  518]
 [ 217 1435]]"
