,accuracy,f1,precision,recall,specificity,auroc,aupr,confusion_matrix
0,0.7665198237885462,0.7927374301675978,0.7359958506224067,0.8589588377723971,0.6664482306684142,0.7627035342204056,0.8341356198424618,"[[1017  509]
 [ 233 1419]]"
