,accuracy,f1,precision,recall,specificity,auroc,aupr,confusion_matrix
0,0.7797356828193832,0.8046874999999999,0.7463768115942029,0.8728813559322034,0.6788990825688074,0.7758902192505053,0.8426687313402956,"[[1036  490]
 [ 210 1442]]"
