,accuracy,f1,precision,recall,specificity,auroc,aupr,confusion_matrix
0,0.7158590308370044,0.7602867002920095,0.6770685579196217,0.8668280871670703,0.5524246395806028,0.7096263633738367,0.8065612866717287,"[[ 843  683]
 [ 220 1432]]"
