,accuracy,f1,precision,recall,specificity,auroc,aupr,confusion_matrix
0,0.7957835116425425,0.8118295158016815,0.7790762381747357,0.847457627118644,0.7398427260812582,0.7936501765999511,0.8529145097392009,"[[1129  397]
 [ 252 1400]]"
