,accuracy,f1,precision,recall,specificity,auroc,aupr,confusion_matrix
0,0.7964128382630585,0.8133833285261033,0.7768595041322314,0.8535108958837773,0.734600262123198,0.7940555790034877,0.8532594605492253,"[[1121  405]
 [ 242 1410]]"
