,accuracy,f1,precision,recall,specificity,auroc,aupr,confusion_matrix
0,0.7857142857142857,0.8061485909479077,0.7608812466415905,0.8571428571428571,0.7083879423328965,0.7827653997378768,0.8461423225026706,"[[1081  445]
 [ 236 1416]]"
