,accuracy,f1,precision,recall,specificity,auroc,aupr,confusion_matrix
0,0.7866582756450597,0.8060640732265446,0.7640997830802603,0.8529055690072639,0.7149410222804718,0.7839232956438678,0.846734268240112,"[[1091  435]
 [ 243 1409]]"
