,accuracy,f1,precision,recall,specificity,auroc,aupr,confusion_matrix
0,0.7960981749528006,0.813686026451984,0.7749178532311063,0.8565375302663438,0.7306684141546527,0.7936029722104982,0.8530152940143009,"[[1115  411]
 [ 237 1415]]"
