,accuracy,f1,precision,recall,specificity,auroc,aupr,confusion_matrix
0,0.7756450597860289,0.7978451942160476,0.7504,0.8516949152542372,0.6933158584534731,0.7725053868538552,0.8395937131337265,"[[1058  468]
 [ 245 1407]]"
