,accuracy,f1,precision,recall,specificity,auroc,aupr,confusion_matrix
0,0.7869729389553178,0.8089189952018064,0.7578001057641459,0.8674334140435835,0.6998689384010485,0.783651176222316,0.8470723923771184,"[[1068  458]
 [ 219 1433]]"
