,accuracy,f1,precision,recall,specificity,auroc,aupr,confusion_matrix
0,0.7787916928886092,0.8021390374331551,0.7496054708048395,0.862590799031477,0.6880733944954128,0.775332096763445,0.841812420632444,"[[1050  476]
 [ 227 1425]]"
