,accuracy,f1,precision,recall,specificity,auroc,aupr,confusion_matrix
0,0.790434235368156,0.8075144508670521,0.7726769911504425,0.8456416464891041,0.7306684141546527,0.7881550303218784,0.8492788908776714,"[[1115  411]
 [ 255 1397]]"
