,accuracy,f1,precision,recall,specificity,auroc,aupr,confusion_matrix
0,0.7797356828193832,0.8037016264722379,0.7486938349007315,0.8674334140435835,0.6847968545216252,0.7761151342826044,0.8425192569454112,"[[1045  481]
 [ 219 1433]]"
