,accuracy,f1,precision,recall,specificity,auroc,aupr,confusion_matrix
0,0.7316889000755097,0.7713427713427713,0.6923373122834039,0.8707021791767554,0.5812368972746331,0.7259695382256942,0.8151215579626494,"[[1109  799]
 [ 267 1798]]"
