,accuracy,f1,precision,recall,specificity,auroc,aupr,confusion_matrix
0,0.7706104468219006,0.7957411039506864,0.7407407407407407,0.8595641646489104,0.6743119266055045,0.7669380456272075,0.8366533966847562,"[[1029  497]
 [ 232 1420]]"
