,accuracy,f1,precision,recall,specificity,auroc,aupr,confusion_matrix
0,0.7787916928886092,0.8039051603905161,0.7454733574754268,0.8722760290556901,0.6775884665792923,0.7749322478174911,0.8420716724977799,"[[1034  492]
 [ 211 1441]]"
