,accuracy,f1,precision,recall,specificity,auroc,aupr,confusion_matrix
0,0.7797356828193832,0.801023308698124,0.755091103965702,0.8529055690072639,0.700524246395806,0.776714907701535,0.8422299286828329,"[[1069  457]
 [ 243 1409]]"
