,accuracy,f1,precision,recall,specificity,auroc,aupr,confusion_matrix
0,0.7910635619886721,0.8087557603686635,0.7714285714285715,0.8498789346246973,0.727391874180865,0.7886354044027811,0.8496720034986293,"[[1110  416]
 [ 248 1404]]"
