,accuracy,f1,precision,recall,specificity,auroc,aupr,confusion_matrix
0,0.7901195720578981,0.8113154172560112,0.7615507169410515,0.8680387409200968,0.7057667103538663,0.7869027256369815,0.8490930297486988,"[[1077  449]
 [ 218 1434]]"
