,accuracy,f1,precision,recall,specificity,auroc,aupr,confusion_matrix
0,0.7797356828193832,0.7990815154994259,0.759825327510917,0.8426150121065376,0.7116644823066841,0.7771397472066109,0.8421264001422705,"[[1086  440]
 [ 260 1392]]"
