,accuracy,f1,precision,recall,specificity,auroc,aupr,confusion_matrix
0,0.7841409691629956,0.8025331030512378,0.7650933040614709,0.8438256658595642,0.7195281782437746,0.7816769220516693,0.8450510519838026,"[[1098  428]
 [ 258 1394]]"
