,accuracy,f1,precision,recall,specificity,auroc,aupr,confusion_matrix
0,0.7853996224040277,0.8023188405797101,0.7697441601779755,0.837772397094431,0.72870249017038,0.7832374436324054,0.8459231622107786,"[[1112  414]
 [ 268 1384]]"
