,accuracy,f1,precision,recall,specificity,auroc,aupr,confusion_matrix
0,0.748898678414097,0.7767207610520425,0.7221644120707597,0.8401937046004843,0.6500655307994757,0.74512961769998,0.822714615289681,"[[ 992  534]
 [ 264 1388]]"
