,accuracy,f1,precision,recall,specificity,auroc,aupr,confusion_matrix
0,0.78980490874764,0.8097949886104784,0.7645161290322581,0.860774818401937,0.7129750982961992,0.7868749583490682,0.8488317543967704,"[[1088  438]
 [ 230 1422]]"
