,accuracy,f1,precision,recall,specificity,auroc,aupr,confusion_matrix
0,0.7806796727501574,0.8051439753983786,0.7480519480519481,0.8716707021791767,0.682175622542595,0.7769231623608859,0.8432156360029129,"[[1041  485]
 [ 212 1440]]"
