,accuracy,f1,precision,recall,specificity,auroc,aupr,confusion_matrix
0,0.7920075519194462,0.8122692416927009,0.7651150347779562,0.8656174334140436,0.7123197903014417,0.7889686118577426,0.8502938615346406,"[[1087  439]
 [ 222 1430]]"
