,accuracy,f1,precision,recall,specificity,auroc,aupr,confusion_matrix
0,0.7879169288860919,0.8083048919226393,0.7623390557939914,0.8601694915254238,0.7096985583224116,0.7849340249239177,0.8475978859945095,"[[1083  443]
 [ 231 1421]]"
