,accuracy,f1,precision,recall,specificity,auroc,aupr,confusion_matrix
0,0.7888609188168659,0.8060132986412258,0.7714443829551744,0.8438256658595642,0.7293577981651376,0.7865917320123509,0.8482265914306544,"[[1113  413]
 [ 258 1394]]"
