,accuracy,f1,precision,recall,specificity,auroc,aupr,confusion_matrix
0,0.7910635619886721,0.8090856814261069,0.7705366922234392,0.8516949152542372,0.7254259501965924,0.7885604327254148,0.8496620592454462,"[[1107  419]
 [ 245 1407]]"
