,accuracy,f1,precision,recall,specificity,auroc,aupr,confusion_matrix
0,0.7224669603524229,0.7600652883569098,0.6902173913043478,0.8456416464891041,0.5891218872870249,0.7173817668880645,0.8080490909546238,"[[ 899  627]
 [ 255 1397]]"
