,accuracy,f1,precision,recall,specificity,auroc,aupr,confusion_matrix
0,0.762114537444934,0.7887087758524315,0.7326064382139148,0.8541162227602905,0.6625163826998689,0.7583163027300798,0.8312782593731946,"[[1011  515]
 [ 241 1411]]"
