,accuracy,f1,precision,recall,specificity,auroc,aupr,confusion_matrix
0,0.7658904971680303,0.790304396843292,0.739451476793249,0.8486682808716707,0.6762778505897772,0.762473065730724,0.8333927926147128,"[[1032  494]
 [ 250 1402]]"
