,accuracy,f1,precision,recall,specificity,auroc,aupr,confusion_matrix
0,0.790434235368156,0.8115449915110355,0.7619553666312433,0.8680387409200968,0.7064220183486238,0.7872303796343603,0.8492953545937947,"[[1078  448]
 [ 218 1434]]"
