,accuracy,f1,precision,recall,specificity,auroc,aupr,confusion_matrix
0,0.789175582127124,0.8107344632768362,0.7600635593220338,0.8686440677966102,0.7031454783748362,0.7858947730857231,0.8484947827223176,"[[1073  453]
 [ 217 1435]]"
