,accuracy,f1,precision,recall,specificity,auroc,aupr,confusion_matrix
0,0.7702957835116425,0.7941342357586012,0.7434002111932418,0.8523002421307506,0.6815203145478375,0.766910278339294,0.8362391505134752,"[[1040  486]
 [ 244 1408]]"
