,accuracy,f1,precision,recall,specificity,auroc,aupr,confusion_matrix
0,0.7790083060659452,0.8,0.7552688172043011,0.8503631961259079,0.7017819706498952,0.7760725833879015,0.8417034972263933,"[[1339  569]
 [ 309 1756]]"
